,temp,HR,mmhr,Qin,Volumen_Total_m3,total_tanks_m3,mean_fill_ratio,feriado,festival_vina,temporada_turistica_alta
temp,1.0,-0.703051078645874,-0.08025553084100825,0.5021879095978306,-0.5270390329328665,-0.5270390329328666,-0.6593014191278337,-0.05118263567869639,0.09725533382941491,0.4387609720966923
HR,-0.703051078645874,1.0,0.1247052990775509,-0.31824779396219743,0.4841749647996452,0.48417496479964545,0.5721965016317757,0.0360366028581169,0.02029486622560156,-0.020959938396802304
mmhr,-0.08025553084100825,0.1247052990775509,1.0,-0.16995122434875154,0.038939767048640085,0.038939767048640064,0.060212137617085215,-0.010965447705056057,-0.014012991339693536,-0.06579173734605251
Qin,0.5021879095978306,-0.31824779396219743,-0.16995122434875154,1.0,-0.22352317842671335,-0.22352317842671338,-0.32278881707960716,-0.09874386012864561,0.11446421696936274,0.5907328001784081
Volumen_Total_m3,-0.5270390329328665,0.4841749647996452,0.038939767048640085,-0.22352317842671335,1.0,1.0,0.8392628420777816,0.05532728611738524,-0.03138956857637322,-0.03218337526031872
total_tanks_m3,-0.5270390329328666,0.48417496479964545,0.038939767048640064,-0.22352317842671338,1.0,1.0,0.8392628420777818,0.055327286117385244,-0.03138956857637317,-0.032183375260318614
mean_fill_ratio,-0.6593014191278337,0.5721965016317757,0.060212137617085215,-0.32278881707960716,0.8392628420777816,0.8392628420777818,1.0,0.02621967640627355,-0.019519817506640422,-0.1245146054754805
feriado,-0.05118263567869639,0.0360366028581169,-0.010965447705056057,-0.09874386012864561,0.05532728611738524,0.055327286117385244,0.02621967640627355,1.0,-0.03084912995938296,-0.05341352290324414
festival_vina,0.09725533382941491,0.02029486622560156,-0.014012991339693536,0.11446421696936274,-0.03138956857637322,-0.03138956857637317,-0.019519817506640422,-0.03084912995938296,1.0,0.20451751943887309
temporada_turistica_alta,0.4387609720966923,-0.020959938396802304,-0.06579173734605251,0.5907328001784081,-0.03218337526031872,-0.032183375260318614,-0.1245146054754805,-0.05341352290324414,0.20451751943887309,1.0
